,precision,recall,f1-score,support
1,0.9409959072305594,0.9928924876293297,0.9662478658670053,11115.0
2,0.9924315761682654,1.0,0.9962014134275619,11277.0
3,0.9524376754871097,0.9953761337364396,0.9734336275490238,11246.0
4,0.8355512541333978,0.9248348509194787,0.8779289013177407,11202.0
5,0.9104667282809612,0.7126322452301294,0.7994927720010145,11059.0
accuracy,0.9257410687132149,0.9257410687132149,0.9257410687132149,0.9257410687132149
macro avg,0.9263766282600587,0.9251471435030755,0.9226609160324692,55899.0
weighted avg,0.9265037154279452,0.9257410687132149,0.9230467997973355,55899.0
